Country,Year,Total Water Consumption (Billion Cubic Meters),Per Capita Water Use (Liters per Day),Agricultural Water Use (%),Industrial Water Use (%),Household Water Use (%),Rainfall Impact (Annual Precipitation in mm),Groundwater Depletion Rate (%),Water Scarcity Level
Argentina,2000,481.49,235.4314286,48.55,20.84428571,30.1,1288.698571,3.255714286,Moderate
Argentina,2001,455.063,299.551,48.465,26.943,22.55,1371.729,3.12,Moderate
Argentina,2002,482.7492308,340.1246154,50.37538462,29.04230769,23.34923077,1590.305385,2.733846154,Moderate
Argentina,2003,452.66,326.7566667,49.08666667,30.476,24.44,1816.012667,2.708,Moderate
Argentina,2004,634.566,230.346,38.67,36.67,23.924,815.998,1.902,Moderate
Argentina,2005,458.077,265.012,59.834,29.288,22.649,1826.293,2.724,Moderate
Argentina,2006,452.9833333,111.7083333,54.96166667,29.79166667,28.83166667,1318.923333,3.133333333,Moderate
Argentina,2007,691.1025,192.815,41.655,16.705,20.31,1500.8375,3.5,Moderate
Argentina,2008,494.048,230.443,60.323,24.483,24.21,1378.952,3.006,Moderate
Argentina,2009,637.8783333,230.6816667,54.91666667,29.05166667,21.21166667,1141.906667,2.356666667,Moderate
Argentina,2010,502.875,216.807,49.325,23.932,25.208,1496.221,2.671,Moderate
Argentina,2011,535.336875,317.69375,44.3875,29.1575,22.778125,1814.865625,2.955625,Moderate
Argentina,2012,556.4116667,248.72,60.31166667,31.94166667,23.425,1428.521667,2.563333333,Moderate
Argentina,2013,505.6286667,265.718,48.59933333,32.004,26.01466667,1375.516,3.154,Moderate
Argentina,2014,558.1611111,314.2377778,50.90888889,24.63111111,25.77444444,1912.69,2.444444444,Moderate
Argentina,2015,565.115,288.1383333,49.5,22.815,28.52666667,1782.6,2.616666667,Moderate
Argentina,2016,467.3180952,322.0538095,49.36190476,28.40238095,22.30761905,1730.01,2.642857143,Moderate
Argentina,2017,477.1978947,265.23,56.49263158,29.68,24.35473684,1665.009474,2.666315789,Moderate
Argentina,2018,649.13,281.832,54.83,21.261,25.314,1449.102,2.264,Moderate
Argentina,2019,484.1566667,268.4022222,55.63555556,34.48444444,26.71888889,1630.764444,2.208888889,Moderate
Argentina,2020,582.008,289.554,66.52,28.876,29.846,1455.684,2.092,Moderate
Argentina,2021,432.4683333,260.575,52.6775,29.44083333,22.13,2076.763333,2.673333333,Moderate
Argentina,2022,523.8810526,296.7405263,48.51842105,28.50631579,28.09473684,1160.576316,3.015789474,Moderate
Argentina,2023,556.765,265.325,40.842,26.099,29.272,1701.795,2.13,Moderate
Argentina,2024,647.79,364.3828571,51.20142857,34.14285714,23.52285714,2283.157143,2.285714286,Low
Australia,2000,545.04,296.13,54.66375,32.665,21.75625,1549.73125,2.36625,Moderate
Australia,2001,448.229,247.556,46.922,23.326,26.132,1554.3,2.698,Moderate
Australia,2002,488.0033333,236.6966667,58.88666667,25.145,26.34166667,1457.325,2.206666667,Moderate
Australia,2003,540.81,275.3416667,48.9825,32.625,23.8275,1721.613333,3.324166667,Moderate
Australia,2004,503.8664286,261.0157143,51.07142857,27.65071429,26.55857143,1931.437143,2.214285714,Moderate
Australia,2005,503.61,255.9045455,53.11545455,30.74727273,22.64363636,1392.708182,2.252727273,Moderate
Australia,2006,438.3757143,279.7478571,48.02642857,32.05928571,26.485,1300.371429,2.282857143,Moderate
Australia,2007,376.92375,228.62125,53.56125,27.13625,29.6725,1529.41,3.19875,Moderate
Australia,2008,511.38,238.47,55.68461538,23.33230769,26.02846154,1611.926923,2.011538462,Moderate
Australia,2009,442.79875,258.61625,47.38875,25.6975,26.46625,980.3125,2.75375,Moderate
Australia,2010,556.146,235.882,43.208,25.952,27.277,1605.123,3.443,Moderate
Australia,2011,467.7744444,281.5111111,52.68222222,30.69777778,22.74777778,1955.788889,2.916666667,Moderate
Australia,2012,498.1664706,265.8988235,55.87176471,26.75352941,24.42,1286.410588,2.429411765,Moderate
Australia,2013,426.5841667,258.6558333,53.82833333,32.01416667,20.19083333,1619.6325,2.85,Moderate
Australia,2014,538.1064286,290.0314286,60.51285714,28.47571429,22.62214286,1414.902857,2.522857143,Moderate
Australia,2015,521.4066667,286.9333333,65.12444444,32.24444444,24.15111111,1394.204444,3.284444444,Moderate
Australia,2016,446.722,261.3993333,59.50533333,25.97133333,23.10933333,1370.126,2.992,Moderate
Australia,2017,626.71625,314.8475,55.92,31.86375,24.64375,1009.385,2.37375,Low
Australia,2018,603.2993333,288.7166667,56.09066667,34.11,25.41866667,1299.113333,2.625333333,Moderate
Australia,2019,548.0716667,299.96,40.895,24.34,21.91833333,1457.06,2.598333333,Moderate
Australia,2020,484.79875,292.505,48.47375,23.68,27.54625,1549.61875,2.38,Moderate
Australia,2021,659.4511111,288.9488889,41.39111111,25.62333333,26.46444444,1640.824444,2.012222222,Moderate
Australia,2022,477.698125,298.385,53.025625,25.974375,25.078125,1411.735625,2.84875,Moderate
Australia,2023,207.795,322.3866667,59.68833333,40.56833333,30.145,1297.586667,2.51,Low
Australia,2024,644.005,253.959,55.513,29.457,26.868,1535.133,1.656,Moderate
Brazil,2000,535.3028571,254.0585714,48.39285714,21.06285714,25.73428571,1835.337143,2.567142857,Moderate
Brazil,2001,639.0090909,200.5309091,54.66181818,34.16727273,21.84545455,1524.764545,2.799090909,Moderate
Brazil,2002,433.875,286.586,54.407,24.681,23.399,2000.491,2.383,Moderate
Brazil,2003,613.36,346.6015385,55.85,30.47230769,27.44769231,1511.286923,2.877692308,Low
Brazil,2004,511.8836364,248.6281818,51.44727273,32.37363636,22.47090909,1641.064545,2.613636364,Moderate
Brazil,2005,560.6266667,274.1866667,47.74222222,26.63222222,19.81555556,1706.97,2.675555556,Moderate
Brazil,2006,781.3428571,236.87,50.32571429,36.27,27.44428571,1818.135714,2.331428571,Moderate
Brazil,2007,642.8583333,285.6816667,52.52,26.15333333,17.37666667,1863.853333,2.211666667,Moderate
Brazil,2008,665.5016667,273.875,42.34,28.61333333,23.34333333,1356.306667,2.853333333,Moderate
Brazil,2009,498.7066667,278.9455556,53.11,27.85666667,26.01222222,1459.541111,2.817777778,Moderate
Brazil,2010,337.0366667,230.1077778,55.20888889,21.98555556,25.16111111,1933.672222,1.643333333,Moderate
Brazil,2011,483.5825,266.6833333,47.615,25.46833333,28.005,1403.941667,2.779166667,Moderate
Brazil,2012,469.025,331.6375,36.3725,22.0175,25.9475,1650.935,2.2375,Low
Brazil,2013,562.74125,197.11875,47.295,18.0575,27.91625,1699.57875,2.78375,High
Brazil,2014,559.112,317.394,58.716,28.48133333,27.96533333,1647.265333,2.271333333,Low
Brazil,2015,574.5815385,348.3384615,47.07307692,33.68461538,22.42307692,1569.433077,1.808461538,Low
Brazil,2016,501.7923077,289.3046154,50.24923077,28.60307692,27.30692308,2017.038462,3.008461538,Moderate
Brazil,2017,574.563,292.3,45.357,27.285,26.176,1338.94,2.189,Moderate
Brazil,2018,287.1566667,248.6733333,42.20833333,26.99833333,27.89,1074.935,2.69,Moderate
Brazil,2019,497.8663636,228.5627273,60.82818182,25.43727273,24.23727273,1452.016364,2.879090909,Moderate
Brazil,2020,553.0541176,261.3735294,47.09529412,29.15352941,27.90882353,1771.814706,2.653529412,Moderate
Brazil,2021,457.14,264.78125,45.7425,27.22,21.1825,1620.69375,2.27875,Moderate
Brazil,2022,417.748,289.605,53.949,22.364,24.084,1606.203,2.56,Moderate
Brazil,2023,688.2325,336.95875,39.915,21.9125,26.52125,1420.54625,1.82875,Low
Brazil,2024,417.18875,309.9975,55.47,18.35625,23.85875,1354.0525,2.8725,Low
Canada,2000,382.5146154,236.62,51.28615385,21.67461538,26.30923077,1423.098462,2.273846154,Moderate
Canada,2001,336.8311111,360.4011111,49.65888889,29.44777778,24.85333333,1244.823333,2.134444444,Low
Canada,2002,523.434,315.01,56.214,27.199,24.177,1902.677,3.398,Low
Canada,2003,346.3242857,196.96,49.38857143,34.52285714,27.11428571,1343.852857,2.988571429,High
Canada,2004,397.045,363.612,50.919,35.19,20.717,1820.441,2.459,Low
Canada,2005,511.832,223.712,46.746,29.47,21.278,1606.15,3.928,Moderate
Canada,2006,748.4233333,319.7166667,55.50333333,43.58333333,21.82666667,1202.826667,2.54,Low
Canada,2007,572.6066667,270.1277778,49.50666667,28.00555556,23.99555556,1688.984444,1.99,Moderate
Canada,2008,522.7742857,236.3428571,42.83857143,30.79285714,21.55285714,1010.11,3.74,Moderate
Canada,2009,361.4271429,220.7835714,45.11,27.53642857,25.85642857,1851.837143,2.993571429,Moderate
Canada,2010,532.35,218.36875,54.685,31.305,26.1275,1776.94125,3.1825,Moderate
Canada,2011,538.9313333,333.4326667,57.00333333,25.74,25.19066667,1949.646667,2.631333333,Low
Canada,2012,478.68375,264.65375,47.1725,30.0575,24.465,1403.48625,2.97625,Moderate
Canada,2013,460.666,140.288,49.074,38.574,26.216,1733.832,2.532,High
Canada,2014,563.8890909,192.1927273,42.29727273,28.48363636,23.93454545,1622.126364,3.225454545,High
Canada,2015,367.232,318.078,46.974,27.834,32.21,1586.67,4.114,Low
Canada,2016,568.3621053,255.0647368,46.92263158,23.71736842,24.36210526,1488.141579,2.496842105,Moderate
Canada,2017,386.1366667,181.9433333,52.955,34.02666667,27.52,2060.451667,2.68,High
Canada,2018,563.8364286,301.8814286,50.54857143,27.85214286,23.12071429,1431.243571,2.653571429,Low
Canada,2019,545.6142857,330.0142857,55.50714286,26.14,22.36428571,1200.763571,3.002142857,Low
Canada,2020,445.1363636,315.7736364,46.30636364,27.50545455,25.50727273,1165.987273,2.376363636,Low
Canada,2021,597.2784615,277.4907692,51.01769231,29.44538462,26.06384615,1350.286154,2.098461538,Moderate
Canada,2022,470.68,260.4033333,53.52111111,28.25,22.12,1277.861111,2.641111111,Moderate
Canada,2023,653.7088889,333.3888889,50,23.55333333,26.95222222,1161.61,2.785555556,Low
Canada,2024,476.976875,216.31125,57.044375,26.726875,26.4175,1312.939375,3,Moderate
China,2000,681.0283333,304.215,59.855,29.28833333,31.20166667,1162.198333,2.95,Low
China,2001,611.81,338.03125,49.53,27.50875,24.2175,2039.9125,2.94375,Low
China,2002,440.7053846,236.3661538,48.57923077,30.26307692,26.95692308,1538.954615,2.877692308,Moderate
China,2003,560.2175,254.99,47.54375,30.1575,21.235,1030.6175,2.76875,Moderate
China,2004,798.418,332.616,49.508,32.036,26.33,1494.778,2.802,Low
China,2005,561.7107692,269.9892308,60.50538462,31.58615385,24.89307692,1564.781538,2.165384615,Moderate
China,2006,455.5545455,296.5945455,45.90090909,23.29,27.98454545,1801.888182,2.977272727,Moderate
China,2007,462.5009091,266.9436364,56.33090909,23.10636364,27.83636364,1444.176364,3.033636364,Moderate
China,2008,558.4945455,299.8290909,47.24454545,24.14818182,21.31909091,1226.450909,3.698181818,Moderate
China,2009,383.6785714,247.7771429,56.41428571,27.73285714,23.78857143,1109.032857,3.081428571,Moderate
China,2010,557.6533333,252.5793333,54.532,30.60133333,26.17533333,1626.742667,1.541333333,Moderate
China,2011,578.89,262.365,58.845,30.8525,28.305,1197.7875,2.2475,Moderate
China,2012,542.623,299.206,48.454,27.471,19.249,1929.226,2.306,Moderate
China,2013,543.57,261.1914286,53.80428571,25.29,24.46857143,1088.364286,1.625714286,Moderate
China,2014,624.3155556,288.2322222,55.65333333,28.84222222,26.51111111,1302.847778,2.283333333,Moderate
China,2015,347.4677778,182.4388889,47.64,26.65111111,25.84888889,1616.388889,3.206666667,High
China,2016,524.2093333,289.5946667,51.64733333,32.768,28.11466667,1755.536667,3.066,Moderate
China,2017,525.1928571,299.985,58.73428571,30.68357143,28.44214286,2011.710714,2.136428571,Moderate
China,2018,510.1583333,333.8425,54.6525,25.3025,25.25583333,1725.075,2.175833333,Low
China,2019,607.9222222,291.7477778,56.23888889,26.22666667,28.19666667,1634.894444,2.55,Moderate
China,2020,415.4814286,246.5278571,47.83357143,28.22571429,23.76214286,1845.061429,2.253571429,Moderate
China,2021,436.1333333,261.1344444,40.21666667,25.81,26.01111111,1528.583333,2.482222222,Moderate
China,2022,528.547,273.902,46.55,26.054,22.024,1786.207,2.078,Moderate
China,2023,369.989,364.445,45.533,26.864,23.03,1682.639,2.361,Low
China,2024,507.325,253.1391667,50.8875,25.61,26.77833333,1796.505833,2.5125,Moderate
France,2000,488.93375,220.8825,56.37125,21.8425,25.03,1408.97,3.01875,Moderate
France,2001,521.4983333,265.4566667,45.48666667,24.46083333,26.88333333,1611.866667,2.430833333,Moderate
France,2002,559.8588889,271.6822222,43.04444444,29.07111111,27.58222222,1759.964444,2.898888889,Moderate
France,2003,496.7457143,355.3864286,48.725,27.32714286,22.945,1629.193571,3.2,Low
France,2004,639.9192308,351.1707692,48.55769231,28.46,24.10153846,1543.357692,1.962307692,Low
France,2005,468.018,277.3433333,49.49533333,21.51133333,25.398,1758.994667,2.709333333,Moderate
France,2006,479.364,279.85,46.83,25.544,22.986,1694.736,2.208,Moderate
France,2007,444.3490909,287.8509091,44.73545455,24.66818182,22.42545455,1251.492727,3.149090909,Moderate
France,2008,581.205,319.28875,55.64625,24.8925,22.63125,1219.19125,3.58,Low
France,2009,443.732,224.906,54.27,15.066,34.202,1244.022,1.796,Moderate
France,2010,482.3266667,236.8355556,41.79,22.50333333,22.83888889,1691.601111,2.233333333,Moderate
France,2011,591.6590909,233.2190909,46.34818182,28.80090909,27.61636364,1378.642727,2.286363636,Moderate
France,2012,574.9869231,333.8,41.74307692,29.48923077,28.30307692,1242.627692,2.203846154,Low
France,2013,465.4572727,311.8518182,52.59636364,28.76363636,24.28545455,1335.797273,3.513636364,Low
France,2014,595.2475,204.92,50.2375,31.2425,23.81833333,1743.239167,2.814166667,Moderate
France,2015,606.3277778,241.6588889,44.18888889,31.35111111,25.66555556,1359.15,3.118888889,Moderate
France,2016,591.9144444,308.6388889,45.31666667,28.64666667,28.17777778,1470.991111,2.65,Low
France,2017,462.96,251.9933333,46.40444444,26.21444444,26.85111111,1857.62,3.065555556,Moderate
France,2018,634.2688889,220.4866667,47.54777778,29.30666667,25.22111111,1299.051111,2.135555556,Moderate
France,2019,426.8733333,371.6666667,54.625,33.6,24.49833333,1767.771667,2.816666667,Low
France,2020,350.044,284.768,55.97666667,32.71933333,25.42266667,1520.140667,1.996,Moderate
France,2021,564.2745455,236.3118182,51.02,23.17181818,26.48727273,1469.8,2.189090909,Moderate
France,2022,474.2736364,208.1090909,49.97818182,25.19363636,20.55363636,1067.060909,2.716363636,Moderate
France,2023,280.6042857,291.0928571,56.83285714,18.27857143,24.55428571,1516.63,2.277142857,Moderate
France,2024,371.2733333,262.0233333,39.64666667,21.28,24.01333333,1786.175,3.071666667,Moderate
Germany,2000,215.224,294.826,43.592,30.644,28.184,1112.872,3.1,Moderate
Germany,2001,646.4285714,274.7657143,46.67285714,31.13285714,28.46285714,1664.31,2.58,Moderate
Germany,2002,569.154,289.43,53.094,25.012,27.314,2031.092,1.803,Moderate
Germany,2003,727.987,289.484,38.056,29.648,24.222,1384.207,2.231,Moderate
Germany,2004,436.425,178.7675,34.9675,40.955,29.1275,700.23,2.3675,High
Germany,2005,356.9516667,272.4358333,48.36916667,26.52,21.9375,1777.863333,3.26,Moderate
Germany,2006,519.47,297.8015385,53.29538462,32.12384615,25.04230769,1911.536923,2.576923077,Moderate
Germany,2007,603.3772727,287.8272727,58.75636364,24.86090909,26.43363636,1477.133636,2.460909091,Moderate
Germany,2008,625.7871429,285.2742857,47.80714286,35.81,20.66714286,1724.527143,1.632857143,Moderate
Germany,2009,129.6366667,266.55,47.27666667,29.82,13.82333333,1329.656667,2.166666667,Moderate
Germany,2010,322.49,263.3571429,43.07142857,27.53,23.22857143,1013.737143,1.607142857,Moderate
Germany,2011,613.3222222,184.7377778,39.73333333,23.77888889,23.37777778,1436.822222,3.415555556,High
Germany,2012,496.1746667,274.8626667,46.56466667,20.73533333,26.72066667,1663.107333,3.073333333,Moderate
Germany,2013,373.52,350.7085714,58.90142857,30.94142857,27.59,1651.584286,2.021428571,Low
Germany,2014,531.3715385,222.1376923,51.77230769,23.62461538,20.43615385,1711.955385,3.820769231,Moderate
Germany,2015,660.48,325.885,41.15833333,18.99666667,22.03833333,1783.005,1.963333333,Low
Germany,2016,528.5615385,275.1153846,45.71384615,26.94307692,17.56,1593.666923,2.963846154,Moderate
Germany,2017,548.83125,211.255,44.12,33.53875,24.8825,1364.22625,2.8675,Moderate
Germany,2018,514.1881818,285.7018182,46.78272727,30.7,25.52363636,1293.692727,3.062727273,Moderate
Germany,2019,531.1414286,287.0771429,42.09428571,30.03285714,24.45,1919.274286,2.458571429,Moderate
Germany,2020,648.9569231,294.7538462,44.64384615,30.8,23.62307692,1532.419231,2.343076923,Moderate
Germany,2021,425.7872727,264.1345455,47.39818182,30.96818182,23.85545455,1441.611818,2.3,Moderate
Germany,2022,528.0978571,281.5335714,52.33571429,26.935,24.12071429,1676.251429,2.732142857,Moderate
Germany,2023,564.022,248.521,53.012,28.683,25.183,1637.84,2.626,Moderate
Germany,2024,551.2027273,253.6290909,55.76909091,25.41545455,23.27363636,916.2636364,3.237272727,Moderate
India,2000,422.3925,404.35,37.4875,39.08,23.735,1568.955,2.265,Low
India,2001,478.7561538,200.8846154,59.99,20.73461538,25.14,1766.200769,3.038461538,Moderate
India,2002,344.7375,333.9275,44.505,26.87375,25.98875,1603.475,1.89,Low
India,2003,455.10375,298.295,46.62625,25.02,23.38,2220.125,2.235,Moderate
India,2004,450.94,228.80875,52.235,21.03875,26.45125,1353.02875,2.3575,Moderate
India,2005,479.3322222,338.3655556,51.53333333,28.48555556,23.52222222,1663.057778,2.076666667,Low
India,2006,603.7157143,269.3114286,52.88571429,24.80142857,19.36714286,1877.765714,3.242857143,Moderate
India,2007,438.1342857,381.5571429,40.76285714,32.83571429,25.37285714,1676.654286,1.787142857,Low
India,2008,629.8133333,341.8922222,46.10222222,35.65222222,19.91,2011.234444,3.021111111,Low
India,2009,558.145,223.319,43.687,26.604,25.576,1710.032,2.351,Moderate
India,2010,525.5208333,316.4225,52.28833333,23.4525,23.13333333,1320.158333,1.718333333,Low
India,2011,715.1671429,269.5357143,65.79142857,30.23571429,28.43142857,1213.161429,3.002857143,Moderate
India,2012,598.0823077,328.2092308,49.09153846,27.76,23.63307692,1334.451538,2.146923077,Low
India,2013,623.0138462,296.5915385,55.98846154,20.49846154,25.69076923,1236.723077,2.245384615,Moderate
India,2014,500.4377778,236.1577778,54.77888889,35.39888889,26.25222222,1814.193333,2.734444444,Moderate
India,2015,551.1209091,232.7263636,41.87272727,30.28090909,22.2,1314.403636,3.02,Moderate
India,2016,425.52625,312.06125,44.6225,28.97875,22.28625,1839.97875,3.09375,Low
India,2017,628.4944444,273.0844444,53.49666667,25.77222222,29.67666667,1399.413333,2.351111111,Moderate
India,2018,407.4209091,290.4927273,50.45636364,31.29090909,23.58636364,1713.833636,2.441818182,Moderate
India,2019,427.826,271.546,52.226,26.398,27.722,999.733,2.24,Moderate
India,2020,446.3557143,289.6614286,64.49857143,26.79285714,24.05285714,1574.561429,2.675714286,Moderate
India,2021,442.6990909,276.6518182,45.21909091,24.58636364,22.59363636,1742.164545,2.157272727,Moderate
India,2022,497.8878571,354.5978571,47.52,33.61357143,22.99142857,2146.368571,2.968571429,Low
India,2023,451.2883333,273,48.39166667,25.33166667,27.9325,1603.4575,2.905833333,Moderate
India,2024,479.7509091,337.7518182,42.76363636,26.45818182,22.64727273,1391.921818,2.178181818,Low
Indonesia,2000,423.4445455,252.3945455,55.17454545,23.11818182,23.12,1519.429091,1.845454545,Moderate
Indonesia,2001,424.1808333,225.1841667,51.20666667,26.98833333,22.4225,1029.774167,2.27,Moderate
Indonesia,2002,335.6527273,297.6672727,46.07,24.10818182,24.83090909,1428.850909,2.860909091,Moderate
Indonesia,2003,500.5683333,261.5366667,42.46,29.235,32.735,1433.571667,2.673333333,Moderate
Indonesia,2004,494.8585714,301.0928571,45.92285714,31.55714286,25.17857143,1392.615714,2.885714286,Low
Indonesia,2005,340.6314286,190.9514286,48.94285714,25.14857143,21.47857143,1467.027143,2.484285714,High
Indonesia,2006,361.7125,302.7758333,51.29416667,32.1525,25.795,1684.0775,2.240833333,Low
Indonesia,2007,437.59,320.209,53.373,27.334,21.352,1263.136,2.703,Low
Indonesia,2008,497.0171429,172.4414286,52.15285714,29.28428571,28.8,1801.191429,1.715714286,High
Indonesia,2009,526.372,302.216,37.624,35.81666667,22.36333333,1692.661333,2.552666667,Low
Indonesia,2010,394.0853846,304.9284615,52.38,27.93769231,24.42076923,1642.244615,2.413846154,Low
Indonesia,2011,513.07,272.754,44.916,29.192,23.584,905.278,2.846,Moderate
Indonesia,2012,612.3836364,215.1918182,42.14818182,20.18,23.01454545,1876.305455,2.367272727,Moderate
Indonesia,2013,524.205,254.6675,61.595,22.84,17.195,2360.075,3.8925,Moderate
Indonesia,2014,398.7266667,336.8008333,54.00166667,22.195,19.96083333,1911.3125,2.679166667,Low
Indonesia,2015,501.6763636,220.6218182,44.81181818,27.18545455,20.43818182,1632.34,3.057272727,Moderate
Indonesia,2016,648.6128571,278.6271429,50.79,23.61428571,17.92285714,1720.858571,2.345714286,Moderate
Indonesia,2017,719.6828571,255.6357143,57,24.55285714,21.01857143,1321.295714,1.97,Moderate
Indonesia,2018,439.709,252.516,48.88,31.032,27.669,1275.087,2.235,Moderate
Indonesia,2019,413.0072727,203.0927273,49.46818182,28.99818182,25.38090909,1795.614545,2.734545455,Moderate
Indonesia,2020,558.59875,288.03,42.735,21.86625,25.2175,1081.8,2.4775,Moderate
Indonesia,2021,463.8866667,277.4533333,54.28,26.78333333,13.66833333,1869.676667,2.3,Moderate
Indonesia,2022,622.5435714,247.8207143,53.53428571,28.62142857,25.91571429,1504.516429,2.162857143,Moderate
Indonesia,2023,559.205,237.0475,53.07333333,28.7225,21.2775,1566.625833,3.325833333,Moderate
Indonesia,2024,439.8463636,366.2672727,43.77181818,22.86181818,26.39,1730.264545,2.250909091,Low
Italy,2000,365.1183333,398.7416667,42.66333333,22.915,25.855,1648.945,2.433333333,Low
Italy,2001,668.278,238.974,55.974,21.93,24.856,978.386,2.61,Moderate
Italy,2002,613.6314286,285.0871429,44.40785714,28.24,24.73285714,1849.275714,1.942857143,Moderate
Italy,2003,446.749,250.302,51.775,23.841,19.903,1396.319,1.931,Moderate
Italy,2004,604.7344444,124.6977778,46.64666667,34.08111111,26.06,1317.36,2.895555556,High
Italy,2005,482.9130769,270.8076923,55.45230769,37.81846154,26.71769231,1916.143077,2.935384615,Moderate
Italy,2006,383.605,224.1325,52.29,37.225,24.61375,1487.0575,2.4975,Moderate
Italy,2007,646.3181818,250.3845455,43.58636364,25.74909091,30.04454545,1695.921818,2.660909091,Moderate
Italy,2008,476.8438462,357.8669231,45.55615385,31.19076923,23.78,1389.683077,2.954615385,Low
Italy,2009,417.7090909,280.4127273,47.05636364,28.00545455,23.35727273,1162.708182,1.927272727,Moderate
Italy,2010,631.625,368.79,53.95428571,28.38357143,28.01428571,1575.729286,2.767857143,Low
Italy,2011,482.0222222,234.0977778,50.20555556,29.92444444,25.86666667,1319.646667,3.035555556,Moderate
Italy,2012,574.1427273,260.3290909,50.85,30.39818182,24.06909091,1862.157273,1.685454545,Moderate
Italy,2013,549.9063636,274.9790909,52.97636364,19.64545455,25.16363636,1063.212727,1.763636364,Moderate
Italy,2014,453.4766667,300.0493333,50.884,23.46733333,25.62066667,2214.668667,2.128666667,Low
Italy,2015,493.0144444,298.2211111,55.56333333,26.52333333,26.71333333,1550.253333,2.791111111,Moderate
Italy,2016,602.21,262.5877778,45.87,31.44777778,25.35666667,1379.187778,3.292222222,Moderate
Italy,2017,433.6275,309.3575,43.67875,28.21625,24.945,1831.33125,3.455,Low
Italy,2018,488.0128571,282.9557143,51.95142857,31.78142857,23.84857143,1590.241429,2.547142857,Moderate
Italy,2019,586.185,373.9966667,48.89,23.71583333,21.6625,1670.785833,2.541666667,Low
Italy,2020,299.4342857,313.2171429,57.96428571,29.40285714,25.24857143,977.3957143,1.741428571,Low
Italy,2021,417.9846154,293.0553846,48.10307692,31.92615385,19.65153846,1756.885385,2.220769231,Moderate
Italy,2022,473.964,264.601,51.205,32.021,23.228,1585.308,2.512,Moderate
Italy,2023,438.424,264.432,50.878,18.286,30.731,1880.054,2.219,Moderate
Italy,2024,419.7014286,322.83,42.85571429,25.83571429,22.13857143,1516.604286,2.425714286,Low
Japan,2000,605.2566667,282.8583333,50.405,26.69666667,25.07166667,2079.768333,3.885,Moderate
Japan,2001,549.427,293.662,51.609,31.296,25.999,1716.702,2.47,Moderate
Japan,2002,499.0583333,244.6291667,50.7425,28.01,21.96166667,1308.203333,2.136666667,Moderate
Japan,2003,560.356,262.8046667,46.018,31.83266667,23.174,1422.652667,2.338,Moderate
Japan,2004,437.505,248.0416667,56.60833333,32.17833333,24.78333333,1580.083333,2.118333333,Moderate
Japan,2005,456.06,360.4316667,28.905,29.17,28.085,1240.253333,2.975,Low
Japan,2006,463.24,365.94,44.77,33.96428571,29.82857143,1723.55,2.51,Low
Japan,2007,402.7142857,285.4871429,57.56714286,23.13571429,27.50714286,1596.588571,1.928571429,Moderate
Japan,2008,392.917,220.327,46.151,34.807,21.849,1556.853,1.898,Moderate
Japan,2009,610.65,278.154,51.512,33.414,22.852,973.144,2.44,Moderate
Japan,2010,441.6038462,250.6561538,48.16384615,27.15692308,22.44230769,1379.128462,2.357692308,Moderate
Japan,2011,559.7,313.43125,52.77,28.69125,23.74,1103.30875,2.5025,Low
Japan,2012,526.375,205.20125,59.79875,17.805,26.49625,1247.94,2.56125,Moderate
Japan,2013,476.1544444,258.7655556,51.79222222,37.92888889,25.17555556,2137.826667,1.605555556,Moderate
Japan,2014,536.5088889,248.0744444,47.61111111,21.34222222,22.66111111,1876.263333,2.435555556,Moderate
Japan,2015,410.5642857,285.1157143,45.18428571,25.38428571,28.46714286,1414.305714,2.47,Moderate
Japan,2016,615.8707692,248.1176923,55.42307692,27.03230769,26.00923077,2127.22,2.722307692,Moderate
Japan,2017,576.0422222,211.9377778,49.09333333,24.06888889,27.21111111,1715.264444,2.296666667,Moderate
Japan,2018,664.3883333,290.5833333,37.62333333,31.04833333,25.97,1057.183333,3.408333333,Moderate
Japan,2019,582.8723077,241.0176923,45.56461538,30.94615385,25.16769231,1788.149231,2.378461538,Moderate
Japan,2020,211.8166667,275.4433333,63.69,25.29333333,20.76,2151.44,1.966666667,Moderate
Japan,2021,423.3775,323.10125,45.98875,30.5575,28.1375,1272.9025,3.12,Low
Japan,2022,615.154,217.178,51.732,35.16,23.86,2533.678,2.248,Moderate
Japan,2023,345.694,303.654,47.402,25.298,25.886,976.542,2.942,Low
Japan,2024,622.3766667,240.0583333,51.85333333,28.32833333,21.41333333,1524.228333,1.54,Moderate
Mexico,2000,529.0325,252.6575,47.1675,32.75625,21.59,1518.33,2.68375,Moderate
Mexico,2001,471.7709091,269.47,41.80727273,32.28818182,25.15,997.6227273,2.616363636,Moderate
Mexico,2002,279.071,139.861,54.665,22.814,20.089,1182.428,2.564,High
Mexico,2003,504.06625,304.75,55.7475,28.84875,29.12625,1651.06125,3.4125,Low
Mexico,2004,524.3077778,302.4922222,45.33444444,25.66,26.57333333,2115.708889,2.578888889,Low
Mexico,2005,511.0575,217.07,55.8325,29.0225,19.915,1283.9425,1.615,Moderate
Mexico,2006,447.81,338.596,40.47,19.962,16.608,1297.068,2.816,Low
Mexico,2007,527.2194118,281.4670588,50.69,28.98352941,22.66058824,1214.260588,2.822941176,Moderate
Mexico,2008,481.4027273,209.2172727,41.34727273,24.89909091,25.52363636,1555.136364,3.390909091,Moderate
Mexico,2009,390.4118182,267.8381818,48.48181818,27.35727273,30.72,1087.198182,3.145454545,Moderate
Mexico,2010,382.29375,253.975,49.49,24.07,24.1275,1290.69375,2.91125,Moderate
Mexico,2011,495.2055556,295.8911111,54.73777778,29.81111111,23.83333333,1816.573333,2.331111111,Moderate
Mexico,2012,500.088,279.926,51.402,24.772,29.212,1884.564,4.322,Moderate
Mexico,2013,403.5377778,276.3755556,44.10222222,23.74666667,25.07222222,1595.263333,2.254444444,Moderate
Mexico,2014,546.7514286,361.96,47.98857143,28.53714286,24.43142857,1973.05,3.531428571,Low
Mexico,2015,470.1977778,260.4866667,49.26777778,29.56333333,21.92444444,1687.868889,2.657777778,Moderate
Mexico,2016,385.3891667,294.7716667,50.54,29.06666667,28.185,1550.536667,2.680833333,Moderate
Mexico,2017,527.1433333,286.9916667,51.02833333,29.20833333,17.25333333,1895.056667,2.795,Moderate
Mexico,2018,654.6228571,357.5371429,65.28,29.65285714,27.21,1482.394286,2.504285714,Low
Mexico,2019,480.0157143,292.8628571,48.54714286,31.42285714,30.50285714,1064.121429,2.945714286,Moderate
Mexico,2020,558.9775,280.235,48.74,28.67375,24.7675,1445.1175,2.225,Moderate
Mexico,2021,533.3408333,284.8758333,50.88833333,27.99833333,26.29,1474.941667,2.3875,Moderate
Mexico,2022,497.698,329.624,44.794,35.534,22.251,1390.446,2.851,Low
Mexico,2023,504.0633333,298.59,48.9175,26.1,24.755,1422.039167,3.045833333,Moderate
Mexico,2024,452.5793333,234.94,54.43333333,28.978,21.60866667,1448.624667,2.885333333,Moderate
Russia,2000,544.9992308,266.1069231,54.25615385,25.18461538,23.83692308,1669.899231,2.766923077,Moderate
Russia,2001,629.2133333,211.155,40.55583333,27.5425,29.05333333,1379.665,2.840833333,Moderate
Russia,2002,487.186,212.329,52.934,31.605,27.335,1837.251,2.786,Moderate
Russia,2003,562.341,306.359,55.887,27.417,26.935,965.617,3.486,Low
Russia,2004,555.15,248.777,52.229,31.622,23.127,1389.694,2.029,Moderate
Russia,2005,427.98375,280.478125,52.845625,30.80375,23.015625,1423.414375,3.308125,Moderate
Russia,2006,614.04,254.8581818,51.04909091,20.9,24.90727273,1703.783636,2.469090909,Moderate
Russia,2007,552.641,246.248,46.059,38.757,20.038,1200.111,2.541,Moderate
Russia,2008,608.3666667,291.7611111,47.81333333,28.76777778,21.51666667,1761.913333,1.946666667,Moderate
Russia,2009,472.67,317.2316667,51.1025,23.60416667,25.76166667,1736.958333,2.0225,Low
Russia,2010,375.48,328.84,51.6075,34.1425,23.8225,1572.0225,2.44,Low
Russia,2011,458.4714286,250.6457143,53.98928571,25.90428571,26.09642857,1465.159286,2.457142857,Moderate
Russia,2012,542.8113333,261.0773333,46.89866667,28.52066667,20.99266667,1750.908667,3.206666667,Moderate
Russia,2013,438.0286667,255.2206667,53.35666667,29.82266667,23.51133333,1642.184667,2.276,Moderate
Russia,2014,612.64,245.6577778,55.23777778,26.67333333,24.48666667,1453.158889,2.794444444,Moderate
Russia,2015,477.5316667,305.255,46.77166667,22.68583333,21.2675,1548.805,2.770833333,Low
Russia,2016,460.515,307.769,49.527,31.481,24.806,1525.833,1.859,Low
Russia,2017,382.3328571,347.1657143,52.41,23.83571429,23.54857143,1864.07,2.481428571,Low
Russia,2018,490.7214286,330.8471429,53.22714286,28.17142857,29.85142857,2194.635714,2.961428571,Low
Russia,2019,353.8,265.855,49.71625,24.0775,28.70875,1312.15375,2.9075,Moderate
Russia,2020,520.475,327.94625,43.65875,25.90125,24.055,1030.5675,1.93375,Low
Russia,2021,373.5907143,277.0871429,51.32142857,21.30571429,22.84571429,1563.386429,2.339285714,Moderate
Russia,2022,462.4533333,286.8091667,51.99083333,28.89166667,27.02166667,1540.198333,2.385833333,Moderate
Russia,2023,481.7191667,240.7166667,53.17666667,31.79916667,27.48333333,1751.194167,2.171666667,Moderate
Russia,2024,500.365,357.7866667,45.66833333,23.17,27.16833333,1546.691667,2.823333333,Low
Saudi Arabia,2000,564.14,316.525,45.148,31.04,23.555,1735.544,2.209,Low
Saudi Arabia,2001,513.409375,234.5625,59.37625,23.448125,25.263125,1641.055625,2.724375,Moderate
Saudi Arabia,2002,417.751,315.673,42.218,26.186,26.175,1503.223,2.47,Low
Saudi Arabia,2003,412.5475,260.8633333,40.40666667,26.57583333,21.375,1544.343333,2.3975,Moderate
Saudi Arabia,2004,581.548,300.099,46.061,23.321,22.638,1542.596,2.057,Low
Saudi Arabia,2005,559.8663636,175.6645455,47.93,26.77909091,24.37636364,1422.513636,2.280909091,High
Saudi Arabia,2006,522.38,241.566,51.646,33.82,25.278,1475.928,3.706,Moderate
Saudi Arabia,2007,537.9625,307.3,51.48625,24.24875,26.18625,1950.20625,1.99875,Low
Saudi Arabia,2008,583.41,272.25,52.61111111,38.14444444,27.69888889,894.4111111,2.155555556,Moderate
Saudi Arabia,2009,551.8958333,267.9566667,45.89666667,26.05,29.8325,987.2416667,2.529166667,Moderate
Saudi Arabia,2010,572.7577778,320.6788889,38.02333333,22.85888889,30.68888889,1756.57,2.748888889,Low
Saudi Arabia,2011,504.4675,318.685,58.97083333,28.35666667,25.12166667,1518.795,1.96,Low
Saudi Arabia,2012,584.7355556,278.6394444,50.53333333,25.13722222,19.87277778,1455.939444,2.708888889,Moderate
Saudi Arabia,2013,434.90125,238.0275,49.47875,22.29125,25.55,1062.07625,2.60375,Moderate
Saudi Arabia,2014,538.3664286,286.4885714,50.60357143,33.44142857,23.67714286,1353.895,2.182857143,Moderate
Saudi Arabia,2015,566.239,240.962,41.718,31.754,26.024,1287.384,3.651,Moderate
Saudi Arabia,2016,349.9291667,197.7108333,57.19916667,22.4775,25.87916667,1478.1475,2.190833333,High
Saudi Arabia,2017,616.3827273,247.6345455,55.80272727,23.76090909,29.71090909,1288.09,2.251818182,Moderate
Saudi Arabia,2018,445.1072727,311.1009091,48.37090909,23.51636364,25.45909091,1747.496364,2.302727273,Low
Saudi Arabia,2019,355.0575,293.42375,51.30875,40.28125,27.9975,1502.6775,3.0575,Moderate
Saudi Arabia,2020,538.07,297.0892308,58.57923077,22.94230769,24.04153846,1385.423846,2.318461538,Moderate
Saudi Arabia,2021,468.4475,295.705625,51.2825,30.130625,26.5775,1269.851875,2.53875,Moderate
Saudi Arabia,2022,586.4778571,278.3685714,44.12714286,27.60285714,26.625,1267.151429,2.165714286,Moderate
Saudi Arabia,2023,604.98,268.15,46.628,34.144,23.651,1506.594,2.485,Moderate
Saudi Arabia,2024,555.2485714,252.7157143,39.88,24.56142857,29.47714286,1532.972857,2.875714286,Moderate
South Africa,2000,564.89625,222.86875,59.77125,28.7325,24.2925,1307.8325,2.93875,Moderate
South Africa,2001,483.8183333,222.9291667,55.9325,24.05083333,24.9725,1399.233333,2.1775,Moderate
South Africa,2002,552.5666667,346.8416667,45.35916667,33.62,19.69166667,1536.120833,2.525,Low
South Africa,2003,438.2535714,303.6492857,51.80285714,26.57928571,27.45,1831.347143,2.967142857,Low
South Africa,2004,646.9521429,326.5971429,54.74285714,23.07857143,22.61785714,1172.892143,2.734285714,Low
South Africa,2005,429.7353846,253.5384615,52.69076923,26.68307692,25.66,1368.123846,2.131538462,Moderate
South Africa,2006,448.46625,300.90625,54.63875,24.47625,28.56,1211.6925,2.165,Low
South Africa,2007,502.8681818,216.2763636,56.73272727,26.29181818,23.29,1805.447273,2.516363636,Moderate
South Africa,2008,620.5025,270.22875,49.76625,27.30625,26.83375,1197.59625,2.8375,Moderate
South Africa,2009,420.5491667,255.0675,43.34833333,37.56166667,22.66166667,1195.989167,2.870833333,Moderate
South Africa,2010,488.0433333,242.8533333,51.50888889,31.59666667,26.26444444,1576.416667,2.123333333,Moderate
South Africa,2011,372.46125,274.66375,41.35125,29.61,29.3425,1562.10625,1.3,Moderate
South Africa,2012,427.9308333,246.64,54.65916667,30.53416667,23.32916667,1819.49,2.869166667,Moderate
South Africa,2013,661.917,259.638,60.728,31.781,23.328,1845.411,2.256,Moderate
South Africa,2014,514.5023077,269.4923077,49.32384615,34.04076923,28.53846154,1781.412308,2.616153846,Moderate
South Africa,2015,524.78,268.3257143,56.29,33.03428571,17.94714286,1429.378571,3.175714286,Moderate
South Africa,2016,557.4922222,276.4855556,51.85111111,28.98,27.72111111,1439.022222,2.603333333,Moderate
South Africa,2017,565.166,271.1633333,45.33133333,27.15266667,24.33666667,1106.37,2.795333333,Moderate
South Africa,2018,545.2209091,302.4,42.97272727,26.96272727,20.84,1396.296364,2.872727273,Low
South Africa,2019,413.9891667,277.0641667,47.6025,24.87416667,25.8675,1802.118333,2.76,Moderate
South Africa,2020,467.1546154,296.5569231,39.69,30.16769231,28.40153846,1696.116154,2.214615385,Moderate
South Africa,2021,406.2183333,281.5475,46.12083333,27.27,26.88833333,1598.958333,2.69,Moderate
South Africa,2022,442.7411111,268.5388889,46.31222222,20.35555556,25.66555556,1790.444444,2.933333333,Moderate
South Africa,2023,538.969,326.672,50.207,34.791,19.434,1243.572,2.006,Low
South Africa,2024,509.7363636,274.9863636,58.00909091,27.64636364,23.33454545,1101.151818,2.624545455,Moderate
South Korea,2000,447.87625,271.56625,50.31125,28.5325,21.63375,1867.5875,2.53875,Moderate
South Korea,2001,377.975,285.6383333,57.63833333,29.36,32.66,1303.765,3.048333333,Moderate
South Korea,2002,489.724375,254.403125,51.04375,22.389375,25.184375,1301.13125,1.9525,Moderate
South Korea,2003,615.355,266.09,47.99875,26.0825,18.51,1228.69375,2.7175,Moderate
South Korea,2004,515.9523077,313.8392308,48.87923077,25.21153846,25.64615385,1530.723077,3.377692308,Low
South Korea,2005,508.275,230.87875,41.505,30.0675,24.47875,1712.5775,3.17625,Moderate
South Korea,2006,445.814,276.184,51.576,23.241,27.735,1364.556,2.39,Moderate
South Korea,2007,494.9927273,271.0418182,53.44818182,27.14909091,25.5,1545.437273,2.439090909,Moderate
South Korea,2008,509.604,276.073,55.399,28.229,23.547,1334.906,2.643,Moderate
South Korea,2009,437.711,281.476,53.947,31.331,26.484,1042.238,1.718,Moderate
South Korea,2010,605.089,231.141,51.018,25.201,21.259,1282.538,2.503,Moderate
South Korea,2011,397.736,299.139,44.632,22.05,20.249,1682.943,2.658,Moderate
South Korea,2012,563.1541667,276.3675,46.965,27.2075,28.70333333,1405.616667,2.353333333,Moderate
South Korea,2013,477.4833333,279.4833333,49.165,27.12666667,25.85333333,1768.771667,2.446666667,Moderate
South Korea,2014,502.602,278.1866667,43.182,22.04933333,26.644,1642.040667,2.618666667,Moderate
South Korea,2015,283.8375,313.855,51.96,23.1075,25.3075,1203.24,2.995,Low
South Korea,2016,469.8236364,262.6663636,59.67090909,25.90545455,28.73272727,1444.103636,1.889090909,Moderate
South Korea,2017,485.455,360.4583333,54.31,18.845,19,2071.396667,2.231666667,Low
South Korea,2018,446.3971429,268.315,47.94642857,24.365,23.69357143,1402.076429,2.462857143,Moderate
South Korea,2019,600.34375,275.17125,46.56375,17.73125,21.60125,1257.9625,3.30125,Moderate
South Korea,2020,625.29875,298.00125,42.5325,22.57125,26.3875,1509.50625,2.20625,Moderate
South Korea,2021,444.8046667,218.1326667,53.15466667,25.09266667,21.27266667,1574.864,3.334,Moderate
South Korea,2022,583.542,273.862,51.014,18.78,26.412,1080.514,2.768,Moderate
South Korea,2023,295.234,284.19,54.844,18.288,26.738,1389.482,2.456,Moderate
South Korea,2024,560.786875,286.490625,53.23125,29.17625,27.636875,1174.268125,1.951875,Moderate
Spain,2000,529.145,279.5625,56.79666667,24.39083333,20.54916667,1787.784167,3.799166667,Moderate
Spain,2001,364.055,283.69,43.61,28.25,33.595,2280.9,2.145,Moderate
Spain,2002,456.5171429,261.0685714,49.28428571,26.34571429,29.23571429,2238.761429,1.991428571,Moderate
Spain,2003,563.675,304.28625,48.2075,25.1475,28.15375,1316.04875,3.16625,Low
Spain,2004,636.2816667,282.6116667,41.66833333,25.62666667,27.36166667,1342.11,2.21,Moderate
Spain,2005,425.267,309.966,53.8,27.783,24.804,1442.327,1.945,Low
Spain,2006,585.9822222,178.1466667,48.90777778,23.86888889,22.94444444,1753.675556,3.061111111,High
Spain,2007,446.908125,233.550625,47.08125,27.878125,26.625,1427.354375,2.585,Moderate
Spain,2008,621.0841667,272.0383333,58.8,21.7775,29.81333333,1418.294167,2.769166667,Moderate
Spain,2009,448.882,271.046,47.598,31.636,23.797,2202.622,3.278,Moderate
Spain,2010,298.6333333,266.3722222,45.82555556,18.01,25.22444444,1427.834444,2.175555556,Moderate
Spain,2011,436.98,270.69,56.84909091,25.43909091,24.02636364,1765.976364,2.990909091,Moderate
Spain,2012,434.72,284.7633333,47.39444444,26.12333333,23.73555556,1320.36,3.351111111,Moderate
Spain,2013,456.134,275.082,54.408,38.93,25.206,1576.642,2.416,Moderate
Spain,2014,387.3223077,299.06,47.85846154,29.88769231,27.81461538,1360.435385,3.163846154,Moderate
Spain,2015,395.4144444,311.2866667,53.37777778,34.61222222,25.69666667,1353.253333,2.32,Low
Spain,2016,408.96,329.2477778,58.02333333,36.02,20.82222222,1788.255556,2.21,Low
Spain,2017,441.78125,311.8475,47.8925,23.11125,25.135,1330.23125,2.79875,Low
Spain,2018,554.5890909,249.5854545,44.53727273,30.84818182,24.40727273,1757.610909,2.732727273,Moderate
Spain,2019,567.2763636,256.2218182,47.78727273,26.05181818,27.46,1469.868182,2.956363636,Moderate
Spain,2020,475.7216667,238.9544444,47.09777778,27.45166667,21.72777778,1705.807778,2.676666667,Moderate
Spain,2021,469.4184615,279.9030769,42.83538462,29.27153846,21.32153846,1415.024615,2.681538462,Moderate
Spain,2022,433.9583333,186.265,56.17,31.57333333,21.72333333,2106.236667,2.091666667,High
Spain,2023,410.89,292.092,51.87,23.788,21.102,1839.922,2.43,Moderate
Spain,2024,546.9825,278.7425,51.05583333,30.80333333,25.2,1833.629167,2.22,Moderate
Turkey,2000,621.2653846,273.5707692,54.79307692,31.21692308,24.73307692,1604.933846,2.746153846,Moderate
Turkey,2001,372.417,280.582,53.551,27.592,24.749,1160.829,2.492,Moderate
Turkey,2002,364.6341667,309.015,48.64666667,25.89583333,27.43333333,1767.645,2.891666667,Low
Turkey,2003,326.1133333,205.1316667,53.73833333,35.61833333,23.81666667,1366.376667,1.875,Moderate
Turkey,2004,580.2007143,318.9828571,43.93,28.56,23.22357143,1647.287143,3.05,Low
Turkey,2005,250.2157143,218.2342857,44.67428571,31.26571429,23.63428571,1805.707143,1.734285714,Moderate
Turkey,2006,238.5777778,356.6333333,59.27777778,24.08,21.27777778,1528.036667,3.268888889,Low
Turkey,2007,507.527619,243.7685714,48.23047619,25.44190476,25.83190476,1585.517619,2.689047619,Moderate
Turkey,2008,561.0422222,246.1055556,64.07666667,27.33222222,28.31777778,1486.897778,3.05,Moderate
Turkey,2009,588.5592308,271.4430769,53.63461538,25.03307692,26.45692308,1445.251538,2.091538462,Moderate
Turkey,2010,559.4483333,294.835,49.48666667,26.29833333,17.395,1073.235,2.63,Moderate
Turkey,2011,656.747,308.302,51.858,32.782,25.348,1727.334,2.3,Low
Turkey,2012,528.5618182,344.8727273,58.39636364,29.32636364,27.00636364,1696.953636,2.898181818,Low
Turkey,2013,486.4728571,309.3385714,50.36285714,33.51428571,20.88857143,1671.73,2.2,Low
Turkey,2014,333.6066667,290.3255556,47.01111111,33.99222222,20.02222222,1442.087778,2.124444444,Moderate
Turkey,2015,519.4166667,283.24,45.15166667,27.74333333,28.62666667,2226.573333,2.785,Moderate
Turkey,2016,546.485,245.265,55.77357143,31.12214286,22.05285714,1809.780714,3.039285714,Moderate
Turkey,2017,600.2933333,321.4033333,42.67166667,24.3225,27.2075,1419.746667,2.67,Low
Turkey,2018,348.3942857,285.0814286,54.24285714,25.04285714,26.81142857,1612.86,2.267142857,Moderate
Turkey,2019,454.1371429,368.23,57.08714286,37.63714286,25.18714286,1400.244286,2.042857143,Low
Turkey,2020,316.5153846,204.3346154,55.45230769,24.12153846,25.9,1310.841538,1.645384615,Moderate
Turkey,2021,494.8125,261.5475,51.05916667,27.50666667,25.66083333,1566.1725,2.2025,Moderate
Turkey,2022,494.2054545,280.7090909,59.33090909,31.51909091,22.01818182,2069.79,2.282727273,Moderate
Turkey,2023,589.718125,231.86,46.844375,32.35125,24.260625,1069.414375,2.419375,Moderate
Turkey,2024,543.2171429,289.775,46.73428571,28.23428571,23.02142857,1500.379286,2.782857143,Moderate
UK,2000,511.9777778,303.7622222,60.74888889,30.20222222,26.15,1550.187778,1.718888889,Low
UK,2001,623.7291667,291.4075,49.29666667,19.98,26.32833333,914.5833333,2.129166667,Moderate
UK,2002,553.6775,317.26375,44.54625,30.28,25.5775,2245.45,2.48875,Low
UK,2003,461.87,312.6483333,40.42833333,34.32166667,24.305,1304.866667,2.078333333,Low
UK,2004,325.1322222,356.4788889,39.73555556,28.57111111,27.27888889,1441.938889,2.441111111,Low
UK,2005,366.83,298.6971429,51.12285714,25.17,31.76714286,1276.987143,2.561428571,Moderate
UK,2006,416.965,313.617,57.034,31.292,27.559,1848.656,2.26,Low
UK,2007,413.211875,249.995625,55.030625,26.97875,25.735,1572.255,2.505,Moderate
UK,2008,573.33,313.1222222,50.68222222,28.24,15.20888889,1111.303333,2.558888889,Low
UK,2009,332.8966667,223.7733333,43.24333333,13.27666667,25.45333333,1010.46,4.123333333,Moderate
UK,2010,633.4355556,289.0511111,45.75888889,29.08222222,27.09444444,1759.832222,2.584444444,Moderate
UK,2011,540.5671429,231.8842857,56.94142857,24.63428571,28.80571429,1563.498571,3.102857143,Moderate
UK,2012,583.028,256.86,55.234,25.092,28.568,1908.753,2.57,Moderate
UK,2013,470.0369231,244.7284615,50.42769231,33.39230769,26.90769231,2098.403846,2.327692308,Moderate
UK,2014,402.7325,311.57875,44.44875,32.54875,28.5425,1369.095,3,Low
UK,2015,523.8277778,224.7188889,42.65888889,24.40888889,21.33222222,1669.285556,3.212222222,Moderate
UK,2016,394.5872727,285.57,53.00545455,31.70909091,22.00818182,1527.530909,2.139090909,Moderate
UK,2017,361.1922222,226.0122222,48.27555556,26.38444444,27.13444444,1948.038889,2.832222222,Moderate
UK,2018,628.4711111,248.5822222,55.56444444,30.03222222,24.52111111,1746.037778,2.272222222,Moderate
UK,2019,475.0791667,281.0666667,53.50666667,26.58,23.5575,1515.801667,2.711666667,Moderate
UK,2020,553.333,251.084,52.326,31.898,20.014,1944.06,2.378,Moderate
UK,2021,525.818,238.202,56.3,27.606,28.488,1511.726,2.914,Moderate
UK,2022,471.931,282.425,54.908,24.93,26.099,1836.534,2.937,Moderate
UK,2023,519.0361538,337.9776923,50.62153846,27.77307692,23.56923077,1585.790769,2.583076923,Low
UK,2024,498.77875,334.45375,48.76875,27.89,25.575,1576.25875,2.82375,Low
USA,2000,631.304,275.05,45.629,29.396,21.615,2080.405,1.814,Moderate
USA,2001,445.1727273,300.59,50.02090909,20.72272727,26.71272727,1845.639091,3.025454545,Low
USA,2002,606.1272727,229.0963636,46.24545455,23.85090909,28.93181818,1411.564545,2.382727273,Moderate
USA,2003,601.7725,250.8616667,47.18416667,31.21416667,25.23416667,1179.5675,2.644166667,Moderate
USA,2004,626.24,320.4123077,52.50846154,28.36769231,24.63,1542.064615,3.127692308,Low
USA,2005,465.765,326.798,53.88,18.971,25.53,1558.947,2.989,Low
USA,2006,444.7588889,334.0377778,58.65333333,28.87222222,28.33333333,1992.126667,3.084444444,Low
USA,2007,649.6291667,287.13,49.7325,26.3875,24.375,1783.709167,3.150833333,Moderate
USA,2008,548.2515385,252.7869231,46.98615385,25.17615385,24.98,1691.000769,1.811538462,Moderate
USA,2009,743.6711111,291.4511111,51.75888889,27.08,24.74777778,1732.991111,2.148888889,Moderate
USA,2010,626.2214286,193.34,53.69571429,24.46142857,20.44857143,2032.701429,1.912857143,High
USA,2011,556.9666667,302.7077778,50.31,26.79444444,28.63222222,2110.113333,1.811111111,Low
USA,2012,589.28,286.6557143,53.03071429,25.64857143,29.54571429,1492.678571,2.286428571,Moderate
USA,2013,318.79,352.41,49.1425,30.51375,23.555,2019.13875,1.5325,Low
USA,2014,455.4454545,258.6663636,45.85454545,30.85636364,22.04818182,2111.826364,1.940909091,Moderate
USA,2015,451.5457143,247.3714286,49.78785714,33.30428571,23.83928571,1341.811429,3.388571429,Moderate
USA,2016,502.996,277.038,47.667,26.53,23.103,1739.999,2.645,Moderate
USA,2017,431.505,248.019,57.999,31.694,29.452,1529.067,2.304,Moderate
USA,2018,568.125,275.02,41.67,29.94333333,18.65666667,1245.671667,2.028333333,Moderate
USA,2019,547.864375,283.96875,46.826875,25.886875,22.58,1461.96625,2.825,Moderate
USA,2020,418.097,292.97,47.448,25.266,27.538,1510.662,2.431,Moderate
USA,2021,572.094,275.978,46.195,32.223,26.72,754.615,2.628,Moderate
USA,2022,440.978,292.039,54.81,30.918,22.638,2119.898,2.871,Moderate
USA,2023,566.865,261.1975,62.945,25.2075,21.6325,1439.155,1.5975,Moderate
USA,2024,249.485,186.374,51.386,24.769,27.677,1771.199,1.638,High
